{"cameraMode":{"drawMode":0,"name":"Shaded","section":"Shading Mode"},"sceneLighting":true,"audioPlay":false,"sceneViewState":{"m_AlwaysRefresh":false,"showFog":true,"showSkybox":true,"showFlares":true,"showImageEffects":true,"showParticleSystems":true,"showVisualEffectGraphs":true,"m_FxEnabled":true},"in2DMode":false,"pivot":{"x":0.49000003933906557,"y":1.774999976158142,"z":0.7200000286102295},"rotation":{"x":0.13365383446216584,"y":0.8655568957328796,"z":-0.3207651972770691,"w":0.3606525659561157},"size":0.6608617305755615,"orthographic":false}